[{"intTransID":2758322,"intFromTransID":0,"intExiteDocID":1362535456,"varTransDatetime":"2017-03-16 14:46:01.0","varDocExchangeGUID":"ed4fe26a0b764f8cb9dfa25cfb3e0e19","varTransGUID":"86c0b8a4269e4e26a28c09007bf0812c","varDocGUID":"4fe2c3ad-670c-4d09-8ba7-edb5601f32ab","varSenderGUID":"5B078A2C-55DA-4F2F-BA8B-A4FCE5B193D7","varRecipientGUID":"CF32DD15-2299-4432-B3B3-4E1911F295AC","varSosGUID":"2LD","varTransType":"УПД","varDocType":"СЧФДОППродавец","intTransState":2},{"intTransID":2760010,"intFromTransID":2758322,"intExiteDocID":1362539312,"varTransDatetime":"2017-03-16 14:46:08.0","varDocExchangeGUID":"ed4fe26a0b764f8cb9dfa25cfb3e0e19","varTransGUID":"86c0b8a4269e4e26a28c09007bf0812c","varDocGUID":"4fe2c3ad-670c-4d09-8ba7-edb5601f32ab","varSenderGUID":"5B078A2C-55DA-4F2F-BA8B-A4FCE5B193D7","varRecipientGUID":"CF32DD15-2299-4432-B3B3-4E1911F295AC","varSosGUID":"2LD","varTransType":"УПД","varDocType":"СЧФДОППродавец","intTransState":4},{"intTransID":2760034,"intFromTransID":0,"intExiteDocID":1362539312,"varTransDatetime":"2017-03-16 14:46:10.0","varDocExchangeGUID":"ed4fe26a0b764f8cb9dfa25cfb3e0e19","varTransGUID":"09f919ac-d2e0-49d6-b1c0-aa52602880be","varDocGUID":"8271492d-1fd6-4795-bd42-7a782db8cdc7","varSenderGUID":"2LD","varRecipientGUID":"CF32DD15-2299-4432-B3B3-4E1911F295AC","varSosGUID":"2LD","varTransType":"ПодтверждениеДатыОтправкиУПД","varDocType":"подтверждениеДатыОтправки","intTransState":4},{"intTransID":2760056,"intFromTransID":0,"intExiteDocID":1362535456,"varTransDatetime":"2017-03-16 14:46:11.0","varDocExchangeGUID":"ed4fe26a0b764f8cb9dfa25cfb3e0e19","varTransGUID":"7cc614f3-c90b-4f43-a550-675f0fa36795","varDocGUID":"37d76d94-48db-437b-b712-07ba53c4d23f","varSenderGUID":"2LD","varRecipientGUID":"5B078A2C-55DA-4F2F-BA8B-A4FCE5B193D7","varSosGUID":"2LD","varTransType":"ПодтверждениеДатыПоступленияУПД","varDocType":"подтверждениеДатыПоступления","intTransState":4},{"intTransID":2761508,"intFromTransID":0,"intExiteDocID":1362539312,"varTransDatetime":"2017-03-16 14:51:59.0","varDocExchangeGUID":"ed4fe26a0b764f8cb9dfa25cfb3e0e19","varTransGUID":"7af8dee8da6744879809f5957dd4b681","varDocGUID":"B17DCA58-F253-7964-E100-0000C0A8FF58","varSenderGUID":"CF32DD15-2299-4432-B3B3-4E1911F295AC","varRecipientGUID":"5B078A2C-55DA-4F2F-BA8B-A4FCE5B193D7","varSosGUID":"2LD","varTransType":"ИзвещениеПолученияУПДПокупатель","varDocType":"извещениеОПолучении","intTransState":2},{"intTransID":2763178,"intFromTransID":2761508,"intExiteDocID":1362535456,"varTransDatetime":"2017-03-16 14:52:11.0","varDocExchangeGUID":"ed4fe26a0b764f8cb9dfa25cfb3e0e19","varTransGUID":"7af8dee8da6744879809f5957dd4b681","varDocGUID":"B17DCA58-F253-7964-E100-0000C0A8FF58","varSenderGUID":"CF32DD15-2299-4432-B3B3-4E1911F295AC","varRecipientGUID":"5B078A2C-55DA-4F2F-BA8B-A4FCE5B193D7","varSosGUID":"2LD","varTransType":"ИзвещениеПолученияУПДПокупатель","varDocType":"извещениеОПолучении","intTransState":4},{"intTransID":2763194,"intFromTransID":0,"intExiteDocID":1362539312,"varTransDatetime":"2017-03-16 14:52:11.0","varDocExchangeGUID":"ed4fe26a0b764f8cb9dfa25cfb3e0e19","varTransGUID":"b83169ec-b0d0-4b94-afc1-b8cb3e80ecb2","varDocGUID":"257804ab-3de0-4e48-b3af-53e3d36394b4","varSenderGUID":"2LD","varRecipientGUID":"CF32DD15-2299-4432-B3B3-4E1911F295AC","varSosGUID":"2LD","varTransType":"ПодтверждениеДатыОтправкиИзвещения","varDocType":"подтверждениеДатыОтправки","intTransState":4},{"intTransID":2765278,"intFromTransID":0,"intExiteDocID":1362539312,"varTransDatetime":"2017-03-16 15:02:12.0","varDocExchangeGUID":"ed4fe26a0b764f8cb9dfa25cfb3e0e19","varTransGUID":"1ec4e2b685994dd984b83a5d3681e723","varDocGUID":"3626CA58-0F4A-325D-E100-0000C0A8FF50","varSenderGUID":"CF32DD15-2299-4432-B3B3-4E1911F295AC","varRecipientGUID":"2LD","varSosGUID":"2LD","varTransType":"ДатаОтправкиУПДПокупатель","varDocType":"извещениеОПолучении","intTransState":2},{"intTransID":2850484,"intFromTransID":0,"intExiteDocID":1362535456,"varTransDatetime":"2017-03-17 14:47:56.0","varDocExchangeGUID":"ed4fe26a0b764f8cb9dfa25cfb3e0e19","varTransGUID":"f3d053bda7f749b095585a7924988c60","varDocGUID":"18f4c071-28e0-4459-b3a3-08db21f468f4","varSenderGUID":"5B078A2C-55DA-4F2F-BA8B-A4FCE5B193D7","varRecipientGUID":"2LD","varSosGUID":"2LD","varTransType":"ДатаПоступленияУПДПродавец","varDocType":"извещениеОПолучении","intTransState":2},{"intTransID":2917116,"intFromTransID":0,"intExiteDocID":1362539312,"varTransDatetime":"2017-03-18 08:40:30.0","varDocExchangeGUID":"ed4fe26a0b764f8cb9dfa25cfb3e0e19","varTransGUID":"3a7f6ebcb4214a55b3c42558ccf8a47c","varDocGUID":"D103CC58-08C1-B57D-E100-0000C0A8FF6B","varSenderGUID":"CF32DD15-2299-4432-B3B3-4E1911F295AC","varRecipientGUID":"5B078A2C-55DA-4F2F-BA8B-A4FCE5B193D7","varSosGUID":"2LD","varTransType":"УведомлениеОбУточненииПокупатель","varDocType":"уведомлениеОбУточнении","intTransState":2},{"intTransID":2917818,"intFromTransID":2917116,"intExiteDocID":1362535456,"varTransDatetime":"2017-03-18 08:40:41.0","varDocExchangeGUID":"ed4fe26a0b764f8cb9dfa25cfb3e0e19","varTransGUID":"3a7f6ebcb4214a55b3c42558ccf8a47c","varDocGUID":"D103CC58-08C1-B57D-E100-0000C0A8FF6B","varSenderGUID":"CF32DD15-2299-4432-B3B3-4E1911F295AC","varRecipientGUID":"5B078A2C-55DA-4F2F-BA8B-A4FCE5B193D7","varSosGUID":"2LD","varTransType":"УведомлениеОбУточненииПокупатель","varDocType":"уведомлениеОбУточнении","intTransState":4},{"intTransID":3046216,"intFromTransID":0,"intExiteDocID":1362535456,"varTransDatetime":"2017-03-20 13:33:48.0","varDocExchangeGUID":"ed4fe26a0b764f8cb9dfa25cfb3e0e19","varTransGUID":"5a9b9aa5a911416d9d3015edeffb9eee","varDocGUID":"b6e85fbc-487f-4e56-93af-eb6b2e5c0c3a","varSenderGUID":"5B078A2C-55DA-4F2F-BA8B-A4FCE5B193D7","varRecipientGUID":"CF32DD15-2299-4432-B3B3-4E1911F295AC","varSosGUID":"2LD","varTransType":"ИзвещениеПолученияУведомленияПродавец","varDocType":"извещениеОПолучении","intTransState":2},{"intTransID":3046614,"intFromTransID":3046216,"intExiteDocID":1362539312,"varTransDatetime":"2017-03-20 13:33:57.0","varDocExchangeGUID":"ed4fe26a0b764f8cb9dfa25cfb3e0e19","varTransGUID":"5a9b9aa5a911416d9d3015edeffb9eee","varDocGUID":"b6e85fbc-487f-4e56-93af-eb6b2e5c0c3a","varSenderGUID":"5B078A2C-55DA-4F2F-BA8B-A4FCE5B193D7","varRecipientGUID":"CF32DD15-2299-4432-B3B3-4E1911F295AC","varSosGUID":"2LD","varTransType":"ИзвещениеПолученияУведомленияПродавец","varDocType":"извещениеОПолучении","intTransState":4},{"intTransID":747111682,"intFromTransID":0,"intExiteDocID":1362539312,"varTransDatetime":"2018-09-06 07:27:30.0","varDocExchangeGUID":"ed4fe26a0b764f8cb9dfa25cfb3e0e19","varTransGUID":"0ec30b838e694b49a16b3933b4471d93","varDocGUID":"80368F5B-2DBA-4D7E-E100-0000C0A8FF2B","varSenderGUID":"CF32DD15-2299-4432-B3B3-4E1911F295AC","varRecipientGUID":"5B078A2C-55DA-4F2F-BA8B-A4FCE5B193D7","varSosGUID":"2LD","varTransType":"ИнформацияПокупателя","varDocType":"СЧФДОППокупатель","intTransState":2},{"intTransID":747181036,"intFromTransID":747111682,"intExiteDocID":1362535456,"varTransDatetime":"2018-09-06 07:29:07.0","varDocExchangeGUID":"ed4fe26a0b764f8cb9dfa25cfb3e0e19","varTransGUID":"0ec30b838e694b49a16b3933b4471d93","varDocGUID":"80368F5B-2DBA-4D7E-E100-0000C0A8FF2B","varSenderGUID":"CF32DD15-2299-4432-B3B3-4E1911F295AC","varRecipientGUID":"5B078A2C-55DA-4F2F-BA8B-A4FCE5B193D7","varSosGUID":"2LD","varTransType":"ИнформацияПокупателя","varDocType":"СЧФДОППокупатель","intTransState":4}]