[{"intTransID":2757746,"intFromTransID":0,"intExiteDocID":1362533712,"varTransDatetime":"2017-03-16 14:43:48.0","varDocExchangeGUID":"75fecbcdbda84f04884f39b7592d44a8","varTransGUID":"b1ad43572a3045e7ac38ad449af31edf","varDocGUID":"c8fdc204-4f3f-4950-82e7-305adb94a424","varSenderGUID":"5B078A2C-55DA-4F2F-BA8B-A4FCE5B193D7","varRecipientGUID":"CF32DD15-2299-4432-B3B3-4E1911F295AC","varSosGUID":"2LD","varTransType":"УПД","varDocType":"СЧФДОППродавец","intTransState":2},{"intTransID":2758894,"intFromTransID":2757746,"intExiteDocID":1362536860,"varTransDatetime":"2017-03-16 14:44:02.0","varDocExchangeGUID":"75fecbcdbda84f04884f39b7592d44a8","varTransGUID":"b1ad43572a3045e7ac38ad449af31edf","varDocGUID":"c8fdc204-4f3f-4950-82e7-305adb94a424","varSenderGUID":"5B078A2C-55DA-4F2F-BA8B-A4FCE5B193D7","varRecipientGUID":"CF32DD15-2299-4432-B3B3-4E1911F295AC","varSosGUID":"2LD","varTransType":"УПД","varDocType":"СЧФДОППродавец","intTransState":4},{"intTransID":2758932,"intFromTransID":0,"intExiteDocID":1362533712,"varTransDatetime":"2017-03-16 14:44:03.0","varDocExchangeGUID":"75fecbcdbda84f04884f39b7592d44a8","varTransGUID":"3d0b8b37-dc9c-4a2d-884b-f182937f1c70","varDocGUID":"7b73f016-d796-435a-9ffe-25582497f4c3","varSenderGUID":"2LD","varRecipientGUID":"5B078A2C-55DA-4F2F-BA8B-A4FCE5B193D7","varSosGUID":"2LD","varTransType":"ПодтверждениеДатыПоступленияУПД","varDocType":"подтверждениеДатыПоступления","intTransState":4},{"intTransID":2761016,"intFromTransID":0,"intExiteDocID":1362536860,"varTransDatetime":"2017-03-16 14:51:15.0","varDocExchangeGUID":"75fecbcdbda84f04884f39b7592d44a8","varTransGUID":"9823b0704af34ce88c1b0203e22df700","varDocGUID":"8BD7CA58-A082-D520-E100-0000C0A8FF61","varSenderGUID":"CF32DD15-2299-4432-B3B3-4E1911F295AC","varRecipientGUID":"5B078A2C-55DA-4F2F-BA8B-A4FCE5B193D7","varSosGUID":"2LD","varTransType":"ИзвещениеПолученияУПДПокупатель","varDocType":"извещениеОПолучении","intTransState":2},{"intTransID":2762822,"intFromTransID":2761016,"intExiteDocID":1362533712,"varTransDatetime":"2017-03-16 14:51:26.0","varDocExchangeGUID":"75fecbcdbda84f04884f39b7592d44a8","varTransGUID":"9823b0704af34ce88c1b0203e22df700","varDocGUID":"8BD7CA58-A082-D520-E100-0000C0A8FF61","varSenderGUID":"CF32DD15-2299-4432-B3B3-4E1911F295AC","varRecipientGUID":"5B078A2C-55DA-4F2F-BA8B-A4FCE5B193D7","varSosGUID":"2LD","varTransType":"ИзвещениеПолученияУПДПокупатель","varDocType":"извещениеОПолучении","intTransState":4},{"intTransID":2762842,"intFromTransID":0,"intExiteDocID":1362536860,"varTransDatetime":"2017-03-16 14:51:29.0","varDocExchangeGUID":"75fecbcdbda84f04884f39b7592d44a8","varTransGUID":"5e55686e-a7d4-4ffc-bfc9-681db0485183","varDocGUID":"f5d9df09-46b8-4e39-8ba7-a83bd7f2639e","varSenderGUID":"2LD","varRecipientGUID":"CF32DD15-2299-4432-B3B3-4E1911F295AC","varSosGUID":"2LD","varTransType":"ПодтверждениеДатыОтправкиИзвещения","varDocType":"подтверждениеДатыОтправки","intTransState":4},{"intTransID":2767690,"intFromTransID":0,"intExiteDocID":1362536860,"varTransDatetime":"2017-03-16 15:13:58.0","varDocExchangeGUID":"75fecbcdbda84f04884f39b7592d44a8","varTransGUID":"8dcf03aa-c292-4c08-bd9d-4190a78de76d","varDocGUID":"8a0dc4ee-ab5f-47fc-917a-1b7b3a00ed4c","varSenderGUID":"2LD","varRecipientGUID":"CF32DD15-2299-4432-B3B3-4E1911F295AC","varSosGUID":"2LD","varTransType":"ПодтверждениеДатыОтправкиУПД","varDocType":"подтверждениеДатыОтправки","intTransState":4},{"intTransID":2767922,"intFromTransID":0,"intExiteDocID":1362536860,"varTransDatetime":"2017-03-16 15:17:14.0","varDocExchangeGUID":"75fecbcdbda84f04884f39b7592d44a8","varTransGUID":"d07cd58e85e54bac9dfdbce77f9df1e0","varDocGUID":"5DA9CA58-8354-C70A-E100-0000C0A8FF57","varSenderGUID":"CF32DD15-2299-4432-B3B3-4E1911F295AC","varRecipientGUID":"2LD","varSosGUID":"2LD","varTransType":"ДатаОтправкиУПДПокупатель","varDocType":"извещениеОПолучении","intTransState":2},{"intTransID":2850582,"intFromTransID":0,"intExiteDocID":1362533712,"varTransDatetime":"2017-03-17 14:49:05.0","varDocExchangeGUID":"75fecbcdbda84f04884f39b7592d44a8","varTransGUID":"30d2a78ae20c4e0280393b364f4c0cac","varDocGUID":"99e895a2-748c-4fbe-9748-6ba65c6dc5f6","varSenderGUID":"5B078A2C-55DA-4F2F-BA8B-A4FCE5B193D7","varRecipientGUID":"2LD","varSosGUID":"2LD","varTransType":"ДатаПоступленияУПДПродавец","varDocType":"извещениеОПолучении","intTransState":2},{"intTransID":2850964,"intFromTransID":0,"intExiteDocID":1362536860,"varTransDatetime":"2017-03-17 14:59:15.0","varDocExchangeGUID":"75fecbcdbda84f04884f39b7592d44a8","varTransGUID":"a726699e03774005b70b34a4530ded3e","varDocGUID":"A175CB58-70C3-DB72-E100-0000C0A8FF57","varSenderGUID":"CF32DD15-2299-4432-B3B3-4E1911F295AC","varRecipientGUID":"5B078A2C-55DA-4F2F-BA8B-A4FCE5B193D7","varSosGUID":"2LD","varTransType":"УведомлениеОбУточненииПокупатель","varDocType":"уведомлениеОбУточнении","intTransState":2},{"intTransID":2851036,"intFromTransID":2850964,"intExiteDocID":1362533712,"varTransDatetime":"2017-03-17 14:59:19.0","varDocExchangeGUID":"75fecbcdbda84f04884f39b7592d44a8","varTransGUID":"a726699e03774005b70b34a4530ded3e","varDocGUID":"A175CB58-70C3-DB72-E100-0000C0A8FF57","varSenderGUID":"CF32DD15-2299-4432-B3B3-4E1911F295AC","varRecipientGUID":"5B078A2C-55DA-4F2F-BA8B-A4FCE5B193D7","varSosGUID":"2LD","varTransType":"УведомлениеОбУточненииПокупатель","varDocType":"уведомлениеОбУточнении","intTransState":4},{"intTransID":3045578,"intFromTransID":0,"intExiteDocID":1362533712,"varTransDatetime":"2017-03-20 13:33:07.0","varDocExchangeGUID":"75fecbcdbda84f04884f39b7592d44a8","varTransGUID":"8d31fe3ea2684d039b5ab733d9b6a4b9","varDocGUID":"bd7ce4ab-5b4f-44f6-afaa-40eb2217a2b4","varSenderGUID":"5B078A2C-55DA-4F2F-BA8B-A4FCE5B193D7","varRecipientGUID":"CF32DD15-2299-4432-B3B3-4E1911F295AC","varSosGUID":"2LD","varTransType":"ИзвещениеПолученияУведомленияПродавец","varDocType":"извещениеОПолучении","intTransState":2},{"intTransID":3046234,"intFromTransID":3045578,"intExiteDocID":1362536860,"varTransDatetime":"2017-03-20 13:33:12.0","varDocExchangeGUID":"75fecbcdbda84f04884f39b7592d44a8","varTransGUID":"8d31fe3ea2684d039b5ab733d9b6a4b9","varDocGUID":"bd7ce4ab-5b4f-44f6-afaa-40eb2217a2b4","varSenderGUID":"5B078A2C-55DA-4F2F-BA8B-A4FCE5B193D7","varRecipientGUID":"CF32DD15-2299-4432-B3B3-4E1911F295AC","varSosGUID":"2LD","varTransType":"ИзвещениеПолученияУведомленияПродавец","varDocType":"извещениеОПолучении","intTransState":4},{"intTransID":747101344,"intFromTransID":0,"intExiteDocID":1362536860,"varTransDatetime":"2018-09-06 07:18:56.0","varDocExchangeGUID":"75fecbcdbda84f04884f39b7592d44a8","varTransGUID":"5623f60a41e64099ba11eaa31729a022","varDocGUID":"4DC58F5B-5786-7149-E100-0000C0A8FF54","varSenderGUID":"CF32DD15-2299-4432-B3B3-4E1911F295AC","varRecipientGUID":"5B078A2C-55DA-4F2F-BA8B-A4FCE5B193D7","varSosGUID":"2LD","varTransType":"ИнформацияПокупателя","varDocType":"СЧФДОППокупатель","intTransState":2},{"intTransID":747116314,"intFromTransID":747101344,"intExiteDocID":1362533712,"varTransDatetime":"2018-09-06 07:19:16.0","varDocExchangeGUID":"75fecbcdbda84f04884f39b7592d44a8","varTransGUID":"5623f60a41e64099ba11eaa31729a022","varDocGUID":"4DC58F5B-5786-7149-E100-0000C0A8FF54","varSenderGUID":"CF32DD15-2299-4432-B3B3-4E1911F295AC","varRecipientGUID":"5B078A2C-55DA-4F2F-BA8B-A4FCE5B193D7","varSosGUID":"2LD","varTransType":"ИнформацияПокупателя","varDocType":"СЧФДОППокупатель","intTransState":4}]