[{"intTransID":2519200,"intFromTransID":0,"intExiteDocID":1358544482,"varTransDatetime":"2017-03-14 11:56:25.0","varDocExchangeGUID":"1582622909b543189b9b40ef13ede35c","varTransGUID":"2d3449824d2448e68924f052f87b451a","varDocGUID":"abce1f43-eac5-423c-a2d0-39e4acf30cf7","varSenderGUID":"5B078A2C-55DA-4F2F-BA8B-A4FCE5B193D7","varRecipientGUID":"CF32DD15-2299-4432-B3B3-4E1911F295AC","varSosGUID":"2LD","varTransType":"УПД","varDocType":"СЧФДОППродавец","intTransState":2},{"intTransID":2519580,"intFromTransID":2519200,"intExiteDocID":1358546206,"varTransDatetime":"2017-03-14 11:56:31.0","varDocExchangeGUID":"1582622909b543189b9b40ef13ede35c","varTransGUID":"2d3449824d2448e68924f052f87b451a","varDocGUID":"abce1f43-eac5-423c-a2d0-39e4acf30cf7","varSenderGUID":"5B078A2C-55DA-4F2F-BA8B-A4FCE5B193D7","varRecipientGUID":"CF32DD15-2299-4432-B3B3-4E1911F295AC","varSosGUID":"2LD","varTransType":"УПД","varDocType":"СЧФДОППродавец","intTransState":4},{"intTransID":2519592,"intFromTransID":0,"intExiteDocID":1358546206,"varTransDatetime":"2017-03-14 11:56:31.0","varDocExchangeGUID":"1582622909b543189b9b40ef13ede35c","varTransGUID":"4422c34c-e69e-4170-b8c9-1558891c49d9","varDocGUID":"5853bc83-0540-49b6-bec4-d528f9420772","varSenderGUID":"2LD","varRecipientGUID":"CF32DD15-2299-4432-B3B3-4E1911F295AC","varSosGUID":"2LD","varTransType":"ПодтверждениеДатыОтправкиУПД","varDocType":"подтверждениеДатыОтправки","intTransState":4},{"intTransID":2519606,"intFromTransID":0,"intExiteDocID":1358544482,"varTransDatetime":"2017-03-14 11:56:31.0","varDocExchangeGUID":"1582622909b543189b9b40ef13ede35c","varTransGUID":"8f5d64cb-dc7f-4197-af8e-d3299763ee48","varDocGUID":"14443d01-0993-4c6e-a7c7-d8777b357a0c","varSenderGUID":"2LD","varRecipientGUID":"5B078A2C-55DA-4F2F-BA8B-A4FCE5B193D7","varSosGUID":"2LD","varTransType":"ПодтверждениеДатыПоступленияУПД","varDocType":"подтверждениеДатыПоступления","intTransState":4},{"intTransID":2519740,"intFromTransID":0,"intExiteDocID":1358546206,"varTransDatetime":"2017-03-14 11:58:20.0","varDocExchangeGUID":"1582622909b543189b9b40ef13ede35c","varTransGUID":"a52377271bf9472d8a0914066477a7e9","varDocGUID":"4096C758-3D9D-1043-E100-0000C0A8FF5A","varSenderGUID":"CF32DD15-2299-4432-B3B3-4E1911F295AC","varRecipientGUID":"5B078A2C-55DA-4F2F-BA8B-A4FCE5B193D7","varSosGUID":"2LD","varTransType":"ИзвещениеПолученияУПДПокупатель","varDocType":"извещениеОПолучении","intTransState":2},{"intTransID":2519954,"intFromTransID":2519740,"intExiteDocID":1358544482,"varTransDatetime":"2017-03-14 11:58:24.0","varDocExchangeGUID":"1582622909b543189b9b40ef13ede35c","varTransGUID":"a52377271bf9472d8a0914066477a7e9","varDocGUID":"4096C758-3D9D-1043-E100-0000C0A8FF5A","varSenderGUID":"CF32DD15-2299-4432-B3B3-4E1911F295AC","varRecipientGUID":"5B078A2C-55DA-4F2F-BA8B-A4FCE5B193D7","varSosGUID":"2LD","varTransType":"ИзвещениеПолученияУПДПокупатель","varDocType":"извещениеОПолучении","intTransState":4},{"intTransID":2519986,"intFromTransID":0,"intExiteDocID":1358546206,"varTransDatetime":"2017-03-14 11:58:25.0","varDocExchangeGUID":"1582622909b543189b9b40ef13ede35c","varTransGUID":"dbaff678-d2bc-4b4e-87f0-fb64d0fe3709","varDocGUID":"fe495ca5-a4bc-45cf-b5ea-ce6a341ae924","varSenderGUID":"2LD","varRecipientGUID":"CF32DD15-2299-4432-B3B3-4E1911F295AC","varSosGUID":"2LD","varTransType":"ПодтверждениеДатыОтправкиИзвещения","varDocType":"подтверждениеДатыОтправки","intTransState":4},{"intTransID":2520280,"intFromTransID":0,"intExiteDocID":1358546206,"varTransDatetime":"2017-03-14 12:05:37.0","varDocExchangeGUID":"1582622909b543189b9b40ef13ede35c","varTransGUID":"b2a67ab7422c411d82b9b85a045b0292","varDocGUID":"5601C758-C29D-FD7C-E100-0000C0A8FF5B","varSenderGUID":"CF32DD15-2299-4432-B3B3-4E1911F295AC","varRecipientGUID":"2LD","varSosGUID":"2LD","varTransType":"ДатаОтправкиУПДПокупатель","varDocType":"извещениеОПолучении","intTransState":2},{"intTransID":2686802,"intFromTransID":0,"intExiteDocID":1358546206,"varTransDatetime":"2017-03-15 16:39:40.0","varDocExchangeGUID":"1582622909b543189b9b40ef13ede35c","varTransGUID":"f0a1588f8958421ab694685d3ca76d8e","varDocGUID":"C493C958-D841-C57C-E100-0000C0A8FF52","varSenderGUID":"CF32DD15-2299-4432-B3B3-4E1911F295AC","varRecipientGUID":"5B078A2C-55DA-4F2F-BA8B-A4FCE5B193D7","varSosGUID":"2LD","varTransType":"УведомлениеОбУточненииПокупатель","varDocType":"уведомлениеОбУточнении","intTransState":2},{"intTransID":2686824,"intFromTransID":2686802,"intExiteDocID":1358544482,"varTransDatetime":"2017-03-15 16:39:42.0","varDocExchangeGUID":"1582622909b543189b9b40ef13ede35c","varTransGUID":"f0a1588f8958421ab694685d3ca76d8e","varDocGUID":"C493C958-D841-C57C-E100-0000C0A8FF52","varSenderGUID":"CF32DD15-2299-4432-B3B3-4E1911F295AC","varRecipientGUID":"5B078A2C-55DA-4F2F-BA8B-A4FCE5B193D7","varSosGUID":"2LD","varTransType":"УведомлениеОбУточненииПокупатель","varDocType":"уведомлениеОбУточнении","intTransState":4},{"intTransID":2846832,"intFromTransID":0,"intExiteDocID":1358544482,"varTransDatetime":"2017-03-17 14:17:19.0","varDocExchangeGUID":"1582622909b543189b9b40ef13ede35c","varTransGUID":"d081ad6850ce480bbaee1fb0215a3b4c","varDocGUID":"ff71a647-8b17-42a8-84a3-a78b4acfa308","varSenderGUID":"5B078A2C-55DA-4F2F-BA8B-A4FCE5B193D7","varRecipientGUID":"2LD","varSosGUID":"2LD","varTransType":"ДатаПоступленияУПДПродавец","varDocType":"извещениеОПолучении","intTransState":2},{"intTransID":2850880,"intFromTransID":0,"intExiteDocID":1358544482,"varTransDatetime":"2017-03-17 14:54:55.0","varDocExchangeGUID":"1582622909b543189b9b40ef13ede35c","varTransGUID":"a3e7971090be4a80a93832edb829fb91","varDocGUID":"33aece26-1015-4e50-9310-4e8947ab1a23","varSenderGUID":"5B078A2C-55DA-4F2F-BA8B-A4FCE5B193D7","varRecipientGUID":"CF32DD15-2299-4432-B3B3-4E1911F295AC","varSosGUID":"2LD","varTransType":"ИзвещениеПолученияУведомленияПродавец","varDocType":"извещениеОПолучении","intTransState":2},{"intTransID":2850906,"intFromTransID":2850880,"intExiteDocID":1358546206,"varTransDatetime":"2017-03-17 14:55:04.0","varDocExchangeGUID":"1582622909b543189b9b40ef13ede35c","varTransGUID":"a3e7971090be4a80a93832edb829fb91","varDocGUID":"33aece26-1015-4e50-9310-4e8947ab1a23","varSenderGUID":"5B078A2C-55DA-4F2F-BA8B-A4FCE5B193D7","varRecipientGUID":"CF32DD15-2299-4432-B3B3-4E1911F295AC","varSosGUID":"2LD","varTransType":"ИзвещениеПолученияУведомленияПродавец","varDocType":"извещениеОПолучении","intTransState":4},{"intTransID":747103628,"intFromTransID":0,"intExiteDocID":1358546206,"varTransDatetime":"2018-09-06 07:21:45.0","varDocExchangeGUID":"1582622909b543189b9b40ef13ede35c","varTransGUID":"c8f2f7a5c60e4fec9de1dbf5bdd86988","varDocGUID":"DDAE8F5B-0BC6-3B17-E100-0000C0A8FF54","varSenderGUID":"CF32DD15-2299-4432-B3B3-4E1911F295AC","varRecipientGUID":"5B078A2C-55DA-4F2F-BA8B-A4FCE5B193D7","varSosGUID":"2LD","varTransType":"ИнформацияПокупателя","varDocType":"СЧФДОППокупатель","intTransState":2},{"intTransID":747136984,"intFromTransID":747103628,"intExiteDocID":1358544482,"varTransDatetime":"2018-09-06 07:22:12.0","varDocExchangeGUID":"1582622909b543189b9b40ef13ede35c","varTransGUID":"c8f2f7a5c60e4fec9de1dbf5bdd86988","varDocGUID":"DDAE8F5B-0BC6-3B17-E100-0000C0A8FF54","varSenderGUID":"CF32DD15-2299-4432-B3B3-4E1911F295AC","varRecipientGUID":"5B078A2C-55DA-4F2F-BA8B-A4FCE5B193D7","varSosGUID":"2LD","varTransType":"ИнформацияПокупателя","varDocType":"СЧФДОППокупатель","intTransState":4}]