[{"intTransID":2756756,"intFromTransID":0,"intExiteDocID":1362530910,"varTransDatetime":"2017-03-16 14:42:46.0","varDocExchangeGUID":"83d18e4b5bce4fff9c1629e292e21d5f","varTransGUID":"6bfab0f4c9864b1491a1977a6a2e71a8","varDocGUID":"908fecda-fa85-4e69-ab8b-e811a19ea292","varSenderGUID":"5B078A2C-55DA-4F2F-BA8B-A4FCE5B193D7","varRecipientGUID":"CF32DD15-2299-4432-B3B3-4E1911F295AC","varSosGUID":"2LD","varTransType":"УПД","varDocType":"СЧФДОППродавец","intTransState":2},{"intTransID":2758414,"intFromTransID":2756756,"intExiteDocID":1362535564,"varTransDatetime":"2017-03-16 14:43:01.0","varDocExchangeGUID":"83d18e4b5bce4fff9c1629e292e21d5f","varTransGUID":"6bfab0f4c9864b1491a1977a6a2e71a8","varDocGUID":"908fecda-fa85-4e69-ab8b-e811a19ea292","varSenderGUID":"5B078A2C-55DA-4F2F-BA8B-A4FCE5B193D7","varRecipientGUID":"CF32DD15-2299-4432-B3B3-4E1911F295AC","varSosGUID":"2LD","varTransType":"УПД","varDocType":"СЧФДОППродавец","intTransState":4},{"intTransID":2758438,"intFromTransID":0,"intExiteDocID":1362535564,"varTransDatetime":"2017-03-16 14:43:01.0","varDocExchangeGUID":"83d18e4b5bce4fff9c1629e292e21d5f","varTransGUID":"6a69273b-0944-41bb-b399-6f207072afd1","varDocGUID":"0021a9d1-46db-4791-827b-50a91ae223cf","varSenderGUID":"2LD","varRecipientGUID":"CF32DD15-2299-4432-B3B3-4E1911F295AC","varSosGUID":"2LD","varTransType":"ПодтверждениеДатыОтправкиУПД","varDocType":"подтверждениеДатыОтправки","intTransState":4},{"intTransID":2758460,"intFromTransID":0,"intExiteDocID":1362530910,"varTransDatetime":"2017-03-16 14:43:02.0","varDocExchangeGUID":"83d18e4b5bce4fff9c1629e292e21d5f","varTransGUID":"b0eabfd9-2897-4653-a521-b3caa2834112","varDocGUID":"6fad991d-f617-4329-8b10-fe1f292ff217","varSenderGUID":"2LD","varRecipientGUID":"5B078A2C-55DA-4F2F-BA8B-A4FCE5B193D7","varSosGUID":"2LD","varTransType":"ПодтверждениеДатыПоступленияУПД","varDocType":"подтверждениеДатыПоступления","intTransState":4},{"intTransID":2760992,"intFromTransID":0,"intExiteDocID":1362535564,"varTransDatetime":"2017-03-16 14:51:13.0","varDocExchangeGUID":"83d18e4b5bce4fff9c1629e292e21d5f","varTransGUID":"d6d38f8d2d864160b2964f23d9afbcd1","varDocGUID":"963FCA58-2B86-D012-E100-0000C0A8FF51","varSenderGUID":"CF32DD15-2299-4432-B3B3-4E1911F295AC","varRecipientGUID":"5B078A2C-55DA-4F2F-BA8B-A4FCE5B193D7","varSosGUID":"2LD","varTransType":"ИзвещениеПолученияУПДПокупатель","varDocType":"извещениеОПолучении","intTransState":2},{"intTransID":2762828,"intFromTransID":2760992,"intExiteDocID":1362530910,"varTransDatetime":"2017-03-16 14:51:26.0","varDocExchangeGUID":"83d18e4b5bce4fff9c1629e292e21d5f","varTransGUID":"d6d38f8d2d864160b2964f23d9afbcd1","varDocGUID":"963FCA58-2B86-D012-E100-0000C0A8FF51","varSenderGUID":"CF32DD15-2299-4432-B3B3-4E1911F295AC","varRecipientGUID":"5B078A2C-55DA-4F2F-BA8B-A4FCE5B193D7","varSosGUID":"2LD","varTransType":"ИзвещениеПолученияУПДПокупатель","varDocType":"извещениеОПолучении","intTransState":4},{"intTransID":2762848,"intFromTransID":0,"intExiteDocID":1362535564,"varTransDatetime":"2017-03-16 14:51:30.0","varDocExchangeGUID":"83d18e4b5bce4fff9c1629e292e21d5f","varTransGUID":"dbfd6238-f5e0-4e65-b055-2e8a36ee0ffe","varDocGUID":"7503de19-927a-4b47-bc55-b0c9269ed9d3","varSenderGUID":"2LD","varRecipientGUID":"CF32DD15-2299-4432-B3B3-4E1911F295AC","varSosGUID":"2LD","varTransType":"ПодтверждениеДатыОтправкиИзвещения","varDocType":"подтверждениеДатыОтправки","intTransState":4},{"intTransID":2764640,"intFromTransID":0,"intExiteDocID":1362535564,"varTransDatetime":"2017-03-16 15:00:23.0","varDocExchangeGUID":"83d18e4b5bce4fff9c1629e292e21d5f","varTransGUID":"abd45108b8154d4da50c6c27caaad560","varDocGUID":"572ACA58-D754-3F66-E100-0000C0A8FF58","varSenderGUID":"CF32DD15-2299-4432-B3B3-4E1911F295AC","varRecipientGUID":"2LD","varSosGUID":"2LD","varTransType":"ДатаОтправкиУПДПокупатель","varDocType":"извещениеОПолучении","intTransState":2},{"intTransID":2850578,"intFromTransID":0,"intExiteDocID":1362530910,"varTransDatetime":"2017-03-17 14:49:05.0","varDocExchangeGUID":"83d18e4b5bce4fff9c1629e292e21d5f","varTransGUID":"94d160b2eda64cfda61fe4e52081690b","varDocGUID":"5eacdec6-6263-423f-a895-0c5ae515a9a9","varSenderGUID":"5B078A2C-55DA-4F2F-BA8B-A4FCE5B193D7","varRecipientGUID":"2LD","varSosGUID":"2LD","varTransType":"ДатаПоступленияУПДПродавец","varDocType":"извещениеОПолучении","intTransState":2},{"intTransID":2873810,"intFromTransID":0,"intExiteDocID":1362535564,"varTransDatetime":"2017-03-17 16:43:18.0","varDocExchangeGUID":"83d18e4b5bce4fff9c1629e292e21d5f","varTransGUID":"06e0a80c69114143a32f16a81298276f","varDocGUID":"FE9CCB58-FADD-7554-E100-0000C0A8FF54","varSenderGUID":"CF32DD15-2299-4432-B3B3-4E1911F295AC","varRecipientGUID":"5B078A2C-55DA-4F2F-BA8B-A4FCE5B193D7","varSosGUID":"2LD","varTransType":"УведомлениеОбУточненииПокупатель","varDocType":"уведомлениеОбУточнении","intTransState":2},{"intTransID":2874748,"intFromTransID":2873810,"intExiteDocID":1362530910,"varTransDatetime":"2017-03-17 16:43:28.0","varDocExchangeGUID":"83d18e4b5bce4fff9c1629e292e21d5f","varTransGUID":"06e0a80c69114143a32f16a81298276f","varDocGUID":"FE9CCB58-FADD-7554-E100-0000C0A8FF54","varSenderGUID":"CF32DD15-2299-4432-B3B3-4E1911F295AC","varRecipientGUID":"5B078A2C-55DA-4F2F-BA8B-A4FCE5B193D7","varSosGUID":"2LD","varTransType":"УведомлениеОбУточненииПокупатель","varDocType":"уведомлениеОбУточнении","intTransState":4},{"intTransID":3046218,"intFromTransID":0,"intExiteDocID":1362530910,"varTransDatetime":"2017-03-20 13:33:48.0","varDocExchangeGUID":"83d18e4b5bce4fff9c1629e292e21d5f","varTransGUID":"d0d723af674c45329fe76f2f1745f330","varDocGUID":"981559d5-be83-4f23-8226-9e95b6dd80b2","varSenderGUID":"5B078A2C-55DA-4F2F-BA8B-A4FCE5B193D7","varRecipientGUID":"CF32DD15-2299-4432-B3B3-4E1911F295AC","varSosGUID":"2LD","varTransType":"ИзвещениеПолученияУведомленияПродавец","varDocType":"извещениеОПолучении","intTransState":2},{"intTransID":3046616,"intFromTransID":3046218,"intExiteDocID":1362535564,"varTransDatetime":"2017-03-20 13:33:57.0","varDocExchangeGUID":"83d18e4b5bce4fff9c1629e292e21d5f","varTransGUID":"d0d723af674c45329fe76f2f1745f330","varDocGUID":"981559d5-be83-4f23-8226-9e95b6dd80b2","varSenderGUID":"5B078A2C-55DA-4F2F-BA8B-A4FCE5B193D7","varRecipientGUID":"CF32DD15-2299-4432-B3B3-4E1911F295AC","varSosGUID":"2LD","varTransType":"ИзвещениеПолученияУведомленияПродавец","varDocType":"извещениеОПолучении","intTransState":4},{"intTransID":747107764,"intFromTransID":0,"intExiteDocID":1362535564,"varTransDatetime":"2018-09-06 07:24:31.0","varDocExchangeGUID":"83d18e4b5bce4fff9c1629e292e21d5f","varTransGUID":"380dcefb41c24100913c05af6d8daaa5","varDocGUID":"705B8F5B-24C9-8216-E100-0000C0A8FF6D","varSenderGUID":"CF32DD15-2299-4432-B3B3-4E1911F295AC","varRecipientGUID":"5B078A2C-55DA-4F2F-BA8B-A4FCE5B193D7","varSosGUID":"2LD","varTransType":"ИнформацияПокупателя","varDocType":"СЧФДОППокупатель","intTransState":2},{"intTransID":747163670,"intFromTransID":747107764,"intExiteDocID":1362530910,"varTransDatetime":"2018-09-06 07:26:17.0","varDocExchangeGUID":"83d18e4b5bce4fff9c1629e292e21d5f","varTransGUID":"380dcefb41c24100913c05af6d8daaa5","varDocGUID":"705B8F5B-24C9-8216-E100-0000C0A8FF6D","varSenderGUID":"CF32DD15-2299-4432-B3B3-4E1911F295AC","varRecipientGUID":"5B078A2C-55DA-4F2F-BA8B-A4FCE5B193D7","varSosGUID":"2LD","varTransType":"ИнформацияПокупателя","varDocType":"СЧФДОППокупатель","intTransState":4}]