[{"intTransID":200222,"intFromTransID":0,"intExiteDocID":1284307612,"varTransDatetime":"2017-01-27 07:08:33.0","varDocExchangeGUID":"3027c15b65f94e2595a13ea9071b72c2","varTransGUID":"638a3568135d4bfdb12b16e48a503091","varDocGUID":"5fcab87d-9ead-4d43-86e5-146eb32896f5","varSenderGUID":"D03D139C-BD6C-458F-8574-0B48787CC333","varRecipientGUID":"CF32DD15-2299-4432-B3B3-4E1911F295AC","varSosGUID":"2IH","varTransType":"УПД","varDocType":"СЧФДОППродавец","intTransState":2},{"intTransID":200268,"intFromTransID":200222,"intExiteDocID":1284309124,"varTransDatetime":"2017-01-27 07:08:38.0","varDocExchangeGUID":"3027c15b65f94e2595a13ea9071b72c2","varTransGUID":"638a3568135d4bfdb12b16e48a503091","varDocGUID":"5fcab87d-9ead-4d43-86e5-146eb32896f5","varSenderGUID":"D03D139C-BD6C-458F-8574-0B48787CC333","varRecipientGUID":"CF32DD15-2299-4432-B3B3-4E1911F295AC","varSosGUID":"2IH","varTransType":"УПД","varDocType":"СЧФДОППродавец","intTransState":4},{"intTransID":200282,"intFromTransID":0,"intExiteDocID":1284309124,"varTransDatetime":"2017-01-27 07:08:39.0","varDocExchangeGUID":"3027c15b65f94e2595a13ea9071b72c2","varTransGUID":"ef948f26-beab-4088-9768-4a8c7ea4a858","varDocGUID":"d6423539-6617-4a5f-bcee-c09c5ae66a9c","varSenderGUID":"2IH","varRecipientGUID":"CF32DD15-2299-4432-B3B3-4E1911F295AC","varSosGUID":"2IH","varTransType":"ПодтверждениеДатыОтправкиУПД","varDocType":"подтверждениеДатыОтправки","intTransState":4},{"intTransID":200294,"intFromTransID":0,"intExiteDocID":1284307612,"varTransDatetime":"2017-01-27 07:08:41.0","varDocExchangeGUID":"3027c15b65f94e2595a13ea9071b72c2","varTransGUID":"56237bc1-6a7b-4690-ac05-ff18070343b4","varDocGUID":"e9341fdb-9cb4-4fab-9ccd-d0691912d174","varSenderGUID":"2IH","varRecipientGUID":"D03D139C-BD6C-458F-8574-0B48787CC333","varSosGUID":"2IH","varTransType":"ПодтверждениеДатыПоступленияУПД","varDocType":"подтверждениеДатыПоступления","intTransState":4},{"intTransID":200390,"intFromTransID":0,"intExiteDocID":1284309124,"varTransDatetime":"2017-01-27 07:10:57.0","varDocExchangeGUID":"3027c15b65f94e2595a13ea9071b72c2","varTransGUID":"d9b1dad8efdd4af3b36180095a7ffdcf","varDocGUID":"E5D28A58-9797-7209-E100-0000C0A8FF4C","varSenderGUID":"CF32DD15-2299-4432-B3B3-4E1911F295AC","varRecipientGUID":"D03D139C-BD6C-458F-8574-0B48787CC333","varSosGUID":"2IH","varTransType":"ИзвещениеПолученияУПДПокупатель","varDocType":"извещениеОПолучении","intTransState":2},{"intTransID":200402,"intFromTransID":0,"intExiteDocID":1284309124,"varTransDatetime":"2017-01-27 07:10:59.0","varDocExchangeGUID":"3027c15b65f94e2595a13ea9071b72c2","varTransGUID":"d606cf479f7949ddbc3cb156ca25e2e6","varDocGUID":"C4A28A58-3CB5-D931-E100-0000C0A8FF4C","varSenderGUID":"CF32DD15-2299-4432-B3B3-4E1911F295AC","varRecipientGUID":"D03D139C-BD6C-458F-8574-0B48787CC333","varSosGUID":"2IH","varTransType":"УведомлениеОбУточненииПокупатель","varDocType":"уведомлениеОбУточнении","intTransState":2},{"intTransID":200480,"intFromTransID":200390,"intExiteDocID":1284307612,"varTransDatetime":"2017-01-27 07:11:10.0","varDocExchangeGUID":"3027c15b65f94e2595a13ea9071b72c2","varTransGUID":"d9b1dad8efdd4af3b36180095a7ffdcf","varDocGUID":"E5D28A58-9797-7209-E100-0000C0A8FF4C","varSenderGUID":"CF32DD15-2299-4432-B3B3-4E1911F295AC","varRecipientGUID":"D03D139C-BD6C-458F-8574-0B48787CC333","varSosGUID":"2IH","varTransType":"ИзвещениеПолученияУПДПокупатель","varDocType":"извещениеОПолучении","intTransState":4},{"intTransID":200486,"intFromTransID":0,"intExiteDocID":1284309124,"varTransDatetime":"2017-01-27 07:11:10.0","varDocExchangeGUID":"3027c15b65f94e2595a13ea9071b72c2","varTransGUID":"3195728d-ac73-44c1-b63b-6418d1c7eb9a","varDocGUID":"d9c104ce-9f8a-4f19-be83-54854ca299c9","varSenderGUID":"2IH","varRecipientGUID":"CF32DD15-2299-4432-B3B3-4E1911F295AC","varSosGUID":"2IH","varTransType":"ПодтверждениеДатыОтправкиИзвещения","varDocType":"подтверждениеДатыОтправки","intTransState":4},{"intTransID":200490,"intFromTransID":200402,"intExiteDocID":1284307612,"varTransDatetime":"2017-01-27 07:11:10.0","varDocExchangeGUID":"3027c15b65f94e2595a13ea9071b72c2","varTransGUID":"d606cf479f7949ddbc3cb156ca25e2e6","varDocGUID":"C4A28A58-3CB5-D931-E100-0000C0A8FF4C","varSenderGUID":"CF32DD15-2299-4432-B3B3-4E1911F295AC","varRecipientGUID":"D03D139C-BD6C-458F-8574-0B48787CC333","varSosGUID":"2IH","varTransType":"УведомлениеОбУточненииПокупатель","varDocType":"уведомлениеОбУточнении","intTransState":4},{"intTransID":200516,"intFromTransID":0,"intExiteDocID":1284309124,"varTransDatetime":"2017-01-27 07:12:15.0","varDocExchangeGUID":"3027c15b65f94e2595a13ea9071b72c2","varTransGUID":"2e497bf3bdff4953a8db5fc2d3fef24f","varDocGUID":"09EB8A58-6A8F-0457-E100-0000C0A8FF61","varSenderGUID":"CF32DD15-2299-4432-B3B3-4E1911F295AC","varRecipientGUID":"2IH","varSosGUID":"2IH","varTransType":"ДатаОтправкиИзвещенияПокупатель","varDocType":"извещениеОПолучении","intTransState":2},{"intTransID":200626,"intFromTransID":0,"intExiteDocID":1284309124,"varTransDatetime":"2017-01-27 07:13:27.0","varDocExchangeGUID":"3027c15b65f94e2595a13ea9071b72c2","varTransGUID":"376d33cb4dbf4bdda181f0a18d7c3f27","varDocGUID":"93878A58-54BB-007F-E100-0000C0A8FF5B","varSenderGUID":"CF32DD15-2299-4432-B3B3-4E1911F295AC","varRecipientGUID":"2IH","varSosGUID":"2IH","varTransType":"ДатаОтправкиУПДПокупатель","varDocType":"извещениеОПолучении","intTransState":2},{"intTransID":201798,"intFromTransID":0,"intExiteDocID":1284307612,"varTransDatetime":"2017-01-27 08:21:39.0","varDocExchangeGUID":"3027c15b65f94e2595a13ea9071b72c2","varTransGUID":"19d86295e4b75046a08d27bfd87c618e","varDocGUID":"0347a64a-2a4d-5d94-ac65-3c02363e7fca","varSenderGUID":"D03D139C-BD6C-458F-8574-0B48787CC333","varRecipientGUID":"2IH","varSosGUID":"2IH","varTransType":"ДатаПоступленияУПДПродавец","varDocType":"извещениеОПолучении","intTransState":2}]